{"cameraMode":{"drawMode":0,"name":"Shaded","section":"Shading Mode"},"sceneLighting":true,"audioPlay":false,"sceneViewState":{"showFog":true,"showMaterialUpdate":false,"showSkybox":true,"showFlares":true,"showImageEffects":true,"showParticleSystems":true},"in2DMode":false,"pivot":{"x":-0.03908824920654297,"y":0.7049896717071533,"z":5.499345302581787},"rotation":{"x":0.1494857668876648,"y":0.5087702870368958,"z":-0.09021887183189392,"w":0.8430109620094299},"size":5.840304374694824,"orthographic":true}