{"cameraMode":{"drawMode":0,"name":"Shaded","section":"Shading Mode"},"sceneLighting":true,"audioPlay":false,"sceneViewState":{"showFog":true,"showMaterialUpdate":false,"showSkybox":true,"showFlares":true,"showImageEffects":true,"showParticleSystems":true},"in2DMode":false,"pivot":{"x":-2.622927665710449,"y":2.6244211196899416,"z":3.52197265625},"rotation":{"x":0.2733818292617798,"y":0.4005359709262848,"z":-0.12653934955596925,"w":0.8653445243835449},"size":10.298489570617676,"orthographic":true}