{"cameraMode":{"drawMode":0,"name":"Shaded","section":"Shading Mode"},"sceneLighting":false,"audioPlay":false,"sceneViewState":{"showFog":true,"showMaterialUpdate":false,"showSkybox":false,"showFlares":true,"showImageEffects":true,"showParticleSystems":true},"in2DMode":false,"pivot":{"x":-0.03908824920654297,"y":1.497152328491211,"z":5.4985785484313969},"rotation":{"x":-0.14956501126289369,"y":0.7966750860214233,"z":-0.21946580708026887,"w":-0.5429308414459229},"size":3.0985190868377687,"orthographic":false}