{"cameraMode":{"drawMode":0,"name":"Shaded","section":"Shading Mode"},"sceneLighting":true,"audioPlay":false,"sceneViewState":{"showFog":true,"showMaterialUpdate":false,"showSkybox":true,"showFlares":true,"showImageEffects":true,"showParticleSystems":true},"in2DMode":false,"pivot":{"x":-0.03908824920654297,"y":0.7049896717071533,"z":5.499345302581787},"rotation":{"x":0.02965148538351059,"y":0.6115015745162964,"z":-0.022943492978811265,"w":0.7903545498847961},"size":5.840304374694824,"orthographic":true}