{"cameraMode":{"drawMode":0,"name":"Shaded","section":"Shading Mode"},"sceneLighting":true,"audioPlay":false,"sceneViewState":{"showFog":true,"showMaterialUpdate":false,"showSkybox":true,"showFlares":true,"showImageEffects":true,"showParticleSystems":true},"in2DMode":false,"pivot":{"x":-8.20914363861084,"y":6.747382164001465,"z":-7.249143600463867},"rotation":{"x":0.16043022274971009,"y":0.4056975245475769,"z":-0.07256167382001877,"w":0.8968871235847473},"size":11.253179550170899,"orthographic":true}