{"cameraMode":{"drawMode":0,"name":"Shaded","section":"Shading Mode"},"sceneLighting":true,"audioPlay":false,"sceneViewState":{"showFog":true,"showMaterialUpdate":false,"showSkybox":true,"showFlares":true,"showImageEffects":true,"showParticleSystems":true},"in2DMode":false,"pivot":{"x":5.315090179443359,"y":-0.9255218505859375,"z":6.719922065734863},"rotation":{"x":0.2305823117494583,"y":0.619633674621582,"z":-0.19739340245723725,"w":0.7238243818283081},"size":13.84610652923584,"orthographic":true}