{"cameraMode":{"drawMode":0,"name":"Shaded","section":"Shading Mode"},"sceneLighting":true,"audioPlay":false,"sceneViewState":{"showFog":true,"showMaterialUpdate":false,"showSkybox":true,"showFlares":true,"showImageEffects":true,"showParticleSystems":true},"in2DMode":false,"pivot":{"x":-3.037228584289551,"y":1.9488210678100587,"z":4.16796875},"rotation":{"x":0.14665719866752625,"y":0.45932433009147646,"z":-0.0771929994225502,"w":0.8726707100868225},"size":10.283063888549805,"orthographic":true}