{"cameraMode":{"drawMode":0,"name":"Shaded","section":"Shading Mode"},"sceneLighting":true,"audioPlay":false,"sceneViewState":{"showFog":true,"showMaterialUpdate":false,"showSkybox":true,"showFlares":true,"showImageEffects":true,"showParticleSystems":true},"in2DMode":false,"pivot":{"x":-3.037228584289551,"y":1.9488210678100587,"z":4.16796875},"rotation":{"x":0.1273665428161621,"y":0.7309595346450806,"z":-0.1420953869819641,"w":0.6551983952522278},"size":10.283063888549805,"orthographic":true}