{"cameraMode":{"drawMode":0,"name":"Shaded","section":"Shading Mode"},"sceneLighting":true,"audioPlay":false,"sceneViewState":{"showFog":true,"showMaterialUpdate":false,"showSkybox":true,"showFlares":true,"showImageEffects":true,"showParticleSystems":true},"in2DMode":false,"pivot":{"x":-0.0022251587361097337,"y":0.7641652822494507,"z":-0.10511523485183716},"rotation":{"x":-0.07730553299188614,"y":-0.1528272181749344,"z":0.011990769766271115,"w":-0.9851517081260681},"size":1692.83251953125,"orthographic":false}