{"cameraMode":{"drawMode":0,"name":"Shaded","section":"Shading Mode"},"sceneLighting":true,"audioPlay":false,"sceneViewState":{"showFog":true,"showMaterialUpdate":false,"showSkybox":true,"showFlares":true,"showImageEffects":true,"showParticleSystems":true},"in2DMode":false,"pivot":{"x":15.602020263671875,"y":2.0719962120056154,"z":-24.519746780395509},"rotation":{"x":0.06963130086660385,"y":0.9250175952911377,"z":-0.20733749866485597,"w":0.3106527030467987},"size":28.773866653442384,"orthographic":true}