{"cameraMode":{"drawMode":0,"name":"Shaded","section":"Shading Mode"},"sceneLighting":true,"audioPlay":false,"sceneViewState":{"showFog":true,"showMaterialUpdate":false,"showSkybox":true,"showFlares":true,"showImageEffects":true,"showParticleSystems":true},"in2DMode":false,"pivot":{"x":11.519591331481934,"y":2.548900604248047,"z":-21.018756866455079},"rotation":{"x":0.1287766546010971,"y":-0.7198504209518433,"z":0.1388157308101654,"w":0.667803943157196},"size":12.885993003845215,"orthographic":true}